county,population,median_income,poverty_rate,bachelors_or_higher_pct,private_school_count,private_enrollment,private_teachers_fte,avg_student_teacher_ratio,private_student_teacher_ratio,private_schools_per_100k,private_enrollment_per_100k,public_student_count,district_count,avg_econ_disadv_pct,avg_attendance_rate,avg_chronic_absenteeism_rate,avg_ccmr_rate,avg_graduation_rate
anderson,58077,57445,15.633511993673665,13.111509096050522,1.0,81.0,11.6,6.9827586207,6.982758620689656,1.721852024037054,139.47001394700138,7802.0,7.0,67.70785695975391,95.23954114329659,11.411561138169699,42.916367598051785,98.08423481158677
andrews,18362,86458,11.941854086670324,19.69573485465906,0.0,0.0,0.0,0.0,0.0,0.0,0.0,4201.0,1.0,52.3,93.4,20.2,27.0,94.1
angelina,86608,57055,16.09991079393399,18.649716119476672,3.0,186.0,35.0,5.006072024833333,5.314285714285714,3.463883244042121,214.76076113061148,15616.0,7.0,69.82373847336065,93.66758452868852,18.844006147540984,32.00170978483607,94.98034707991802
aransas,24048,58168,17.871139016476338,24.16692946494271,2.0,119.0,13.6,8.65584415575,8.75,8.316699933466401,494.8436460412508,2913.0,1.0,63.2,93.1,23.199999999999996,28.300000000000004,91.6
archer,8649,69954,12.285814197458912,25.17401392111369,0.0,0.0,0.0,0.0,0.0,0.0,0.0,2104.0,3.0,31.596768060836503,96.08279467680609,6.798051330798479,34.39805133079848,100.0
armstrong,1912,70417,5.895078420767982,25.920360631104437,0.0,0.0,0.0,0.0,0.0,0.0,0.0,297.0,1.0,27.3,95.3,9.4,55.0,95.0
atascosa,49403,67442,14.062982084456054,14.525334517090494,1.0,53.0,9.0,5.8888888889,5.888888888888889,2.024168572758739,107.2809343562132,9018.0,5.0,65.92317587048126,92.65460190729652,24.778931026835217,21.956176535817253,94.24198270126415
austin,30406,73556,11.939653740072442,24.12921080255749,1.0,12.0,1.1,10.909090909,10.909090909090908,3.2888245740972177,39.46589488916661,6263.0,3.0,56.50760019160146,94.83282771834584,13.260146894459522,17.29725371227846,96.46128053648413
bailey,6902,69830,12.739520958083832,15.338553661906955,0.0,0.0,0.0,0.0,0.0,0.0,0.0,1328.0,1.0,86.4,94.8,13.3,25.3,97.6
bandera,21182,70965,14.267858859725028,27.3358314392776,1.0,36.0,8.9,4.0449438202,4.044943820224719,4.7209895194032665,169.95562269851763,2453.0,2.0,51.60334284549531,94.34953118630249,15.992906644924581,8.5958418263351,93.64243783122707
bastrop,98435,80151,11.940703056586464,23.04881636191921,3.0,127.0,24.1,5.931064572433333,5.269709543568465,3.0476964494336363,129.0191496926906,21439.0,4.0,68.6828396846868,91.6128504127991,28.53752040673539,15.03658286300667,95.75295955968096
baylor,3475,52716,11.63133097762073,23.25769854132901,0.0,0.0,0.0,0.0,0.0,0.0,0.0,593.0,1.0,59.4,95.1,13.0,26.1,95.7
bee,30977,50283,19.961799660441425,11.49537037037037,2.0,95.0,21.5,4.479222400599999,4.418604651162791,6.456403137811924,306.6791490460664,5075.0,5.0,80.1696157635468,92.1351330049261,25.76599014778325,24.11138601969733,95.88892625510448
bell,372821,62858,14.68678195167786,26.772697732422323,15.0,1863.0,227.0,8.023427141106668,8.20704845814978,4.023378511403596,499.7036111163266,77207.0,12.0,55.91331744530936,93.1806416516637,21.304008703874004,23.872268058595726,91.62322069242427
bexar,2014059,67275,15.172077534529812,30.431741086321253,82.0,15682.0,1493.9,9.185705158385366,10.497355914050472,4.071380232654555,778.6266440059601,352880.0,42.0,61.71844196327363,92.3420762487281,24.81445783815498,17.88313366178712,88.10211766747156
blanco,11608,79717,9.771816756662602,30.624929370550348,1.0,7.0,2.0,3.5,3.5,8.61474844934528,60.30323914541695,1802.0,2.0,38.803995560488346,94.56093229744728,14.678135405105438,25.182463928967817,99.26881243063262
borden,686,80625,1.6034985422740524,39.40774487471526,0.0,0.0,0.0,0.0,0.0,0.0,0.0,249.0,1.0,29.3,95.5,6.3,0.0,100.0
bosque,18404,63868,11.544427210281407,18.966945260146076,0.0,0.0,0.0,0.0,0.0,0.0,0.0,2801.0,8.0,62.86394144948233,95.17254551945733,12.040199928596929,13.97379507318815,97.56408425562299
bowie,92747,56628,17.37765975790599,22.25075360053589,3.0,135.0,16.6,8.977011494266668,8.132530120481928,3.234605971082623,145.55726869871802,17420.0,13.0,65.9255051664753,94.15135476463833,17.54625717566016,26.67259236826166,93.34353119321624
brazoria,374600,91972,7.532447444668786,31.40897562407744,16.0,1563.0,181.4,8.54002141476875,8.616317530319735,4.271222637479979,417.2450613988254,74478.0,8.0,50.65197239453261,94.61255538548296,14.04280190123258,25.64874215104944,97.64245626773157
brazos,234548,57562,24.307028382789596,43.202215706500105,12.0,1059.0,180.5,5.7888067960416665,5.867036011080333,5.116223544860754,451.5067278339615,31020.0,4.0,60.793675048355894,94.344609929078,15.444558349451967,18.3028877288046,94.68426617326372
brewster,9454,47747,15.650384490414815,47.69897887816478,3.0,134.0,19.8,6.755336617366667,6.767676767676767,31.732599957689867,1417.389464776814,1091.0,4.0,54.21585701191567,93.47855178735107,16.430797433547205,7.457486136783734,91.49805914972274
briscoe,1290,35446,24.353954581049333,15.74642126789366,0.0,0.0,0.0,0.0,0.0,0.0,0.0,201.0,1.0,51.2,96.6,7.1,76.2,100.0
brooks,7059,30566,33.21630285452603,19.10866910866911,0.0,0.0,0.0,0.0,0.0,0.0,0.0,1179.0,1.0,85.2,90.1,37.7,11.9,86.7
brown,38159,53792,13.284478483663012,19.886192342478143,2.0,60.0,22.9,4.47972972975,2.620087336244542,5.241227495479441,157.23682486438324,6098.0,7.0,58.052951787471294,94.41033125614955,15.703000983929158,13.657789439160382,96.95833060019679
burleson,17958,71745,12.45903491919991,22.464668426774345,1.0,84.0,8.6,9.7674418605,9.767441860465116,5.568548836173293,467.7581022385567,3088.0,3.0,65.18607512953368,93.76188471502591,19.011690414507772,39.65404792746114,97.32098445595855
burnet,49684,71482,7.834661067539472,28.117435117941792,3.0,376.0,44.1,6.420708955233334,8.526077097505668,6.038161178649061,756.7828677240158,7196.0,2.0,62.28132295719845,94.28813229571985,15.248443579766537,33.907198443579766,96.79708171206227
caldwell,46141,66779,14.013319952559073,16.690661605915842,3.0,152.0,28.0,9.513888888766669,5.428571428571429,6.5018096703582495,329.4250232981513,8432.0,3.0,76.48932637571157,91.98472485768501,26.755360531309297,18.12998102466793,89.37843927893738
calhoun,20127,62267,9.205020920502092,16.20530141713782,1.0,109.0,13.1,8.320610687,8.320610687022901,4.9684503403388485,541.5610870969344,3502.0,1.0,65.8,93.3,19.600000000000005,52.1,98.8
callahan,13869,63906,8.790646693459992,22.87359868353389,0.0,0.0,0.0,0.0,0.0,0.0,0.0,2602.0,4.0,48.145465026902386,94.9511145272867,12.797886241352805,25.363604919292847,97.45687932359724
cameron,421854,47435,25.34448807151126,19.47475102846931,14.0,2072.0,232.3,8.19347287605,8.919500645716745,3.3186837152190094,491.1651898524134,84066.0,10.0,82.82802321985106,92.440201746247,25.276881259962416,40.12008540908334,94.54270454166965
camp,12543,53968,21.534395771602465,20.7275390625,0.0,0.0,0.0,0.0,0.0,0.0,0.0,2242.0,1.0,75.7,95.2,10.9,67.8,100.0
carson,5801,83199,7.50260507120528,25.224071702944943,0.0,0.0,0.0,0.0,0.0,0.0,0.0,1071.0,3.0,28.08216619981326,95.00046685340803,13.184126984126985,52.59906629318394,96.99010270774976
cass,28637,54303,18.498174988482937,17.223137196187054,0.0,0.0,0.0,0.0,0.0,0.0,0.0,5265.0,7.0,60.0075403608737,94.26279202279201,17.507369420702755,40.24714150047484,98.63082621082621
castro,7381,59886,12.440060282230442,19.493220715714603,0.0,0.0,0.0,0.0,0.0,0.0,0.0,1524.0,3.0,69.57906824146981,94.39947506561681,14.31476377952756,46.63300524934383,96.8257874015748
chambers,47037,106103,13.702380697739086,22.789081554241424,0.0,0.0,0.0,0.0,0.0,0.0,0.0,10957.0,3.0,37.20527516656019,94.84336953545679,11.537263849593868,42.875960573149584,99.22793647896322
cherokee,50824,56971,16.576884889198723,16.17325710180501,1.0,5.0,1.0,5.0,5.0,1.967574374311349,9.837871871556745,8015.0,5.0,80.11777916406739,94.60104803493451,14.482245789145352,33.99006862133499,94.77733000623832
childress,6781,56063,15.083693812300169,14.640496695373525,0.0,0.0,0.0,0.0,0.0,0.0,0.0,977.0,1.0,57.1,94.7,16.5,13.4,94.3
clay,10290,75227,9.092696353091515,23.241306079108043,0.0,0.0,0.0,0.0,0.0,0.0,0.0,1760.0,4.0,51.609545454545454,95.07159090909092,12.333352272727275,62.979034090909096,96.30460227272728
cochran,2529,41597,25.848142164781905,8.52575488454707,0.0,0.0,0.0,0.0,0.0,0.0,0.0,665.0,2.0,65.87639097744362,95.15729323308271,11.431879699248121,24.35593984962406,96.56902255639098
coke,3305,40230,16.509136735979837,19.49685534591195,0.0,0.0,0.0,0.0,0.0,0.0,0.0,501.0,2.0,43.70558882235529,94.7241516966068,15.612774451097803,38.65768463073852,97.74491017964071
coleman,7808,51034,17.113615753335925,20.65139584824624,0.0,0.0,0.0,0.0,0.0,0.0,0.0,1216.0,3.0,53.21669407894737,93.7624177631579,19.517269736842106,15.119572368421052,93.38873355263158
collin,1079153,113255,6.322078916289731,54.289836202035765,68.0,12861.0,1082.7,11.905969568410294,11.878636741479632,6.301238100621506,1191.7679884131353,249800.0,16.0,24.723519215372296,94.91054683746997,11.775001200960768,21.572785236244137,97.67149320722959
collingsworth,2865,52045,22.34576757532281,25.1959686450168,0.0,0.0,0.0,0.0,0.0,0.0,0.0,534.0,1.0,63.3,96.6,6.0,10.5,97.4
colorado,20582,63352,7.451862965741435,22.172268607721403,2.0,231.0,26.0,8.6831753977,8.884615384615385,9.71722864639005,1122.3399086580507,3643.0,3.0,64.9475706835026,94.63368103211639,15.113834751578368,54.548970628602795,96.76458962393632
comal,165201,93744,6.100544887635993,40.53736196265966,11.0,2130.0,229.8,10.086551760618182,9.268929503916448,6.658555335621456,1289.3384422612455,39924.0,3.0,31.225503456567477,94.09775323113915,16.116779380823566,26.105740907724677,97.32534565674783
comanche,13651,57383,13.528009535160908,18.876755070202808,0.0,0.0,0.0,0.0,0.0,0.0,0.0,2253.0,4.0,56.84460719041278,95.35974256546827,10.689214380825566,39.17727474478473,95.33417665335108
concho,3235,55750,15.928837401737692,11.560226354082458,0.0,0.0,0.0,0.0,0.0,0.0,0.0,519.0,2.0,75.1300578034682,94.74450867052023,13.451637764932562,22.967244701348747,97.95606936416185
cooke,41860,66374,13.32863016031333,23.2700658355512,2.0,281.0,31.6,8.7908748502,8.89240506329114,4.777830864787386,671.2852365026279,6775.0,8.0,48.528088560885614,94.74271586715868,13.925579335793358,21.762695783132532,99.2792921686747
coryell,82927,63281,10.612318189980249,17.30317778413971,1.0,7.0,1.1,6.3636363636,6.363636363636363,1.205879870247326,8.441159091731281,11174.0,5.0,55.462976552711645,93.47155002684805,19.54777161267228,35.462018972615,91.18657597995345
cottle,1647,47625,24.10443230115361,18.322698268003645,0.0,0.0,0.0,0.0,0.0,0.0,0.0,153.0,1.0,68.0,94.9,11.2,83.3,100.0
crane,4636,71364,3.8103677447939743,15.653075328265375,0.0,0.0,0.0,0.0,0.0,0.0,0.0,1233.0,1.0,54.7,93.8,17.4,3.7,97.5
crockett,2949,64103,9.314404432132964,15.61433447098976,0.0,0.0,0.0,0.0,0.0,0.0,0.0,618.0,1.0,64.1,95.4,12.3,14.700000000000001,100.0
crosby,5157,50268,23.575949367088608,14.0345736888368,0.0,0.0,0.0,0.0,0.0,0.0,0.0,889.0,3.0,82.26197975253093,93.2748031496063,22.603824521934758,15.290663667041619,94.34049493813274
culberson,2181,35924,22.1606648199446,10.485781990521328,0.0,0.0,0.0,0.0,0.0,0.0,0.0,381.0,1.0,78.5,90.5,40.8,25.0,100.0
dallam,7165,71969,8.562865705722848,14.30490261920752,0.0,0.0,0.0,0.0,0.0,0.0,0.0,2048.0,2.0,70.32890625,94.287109375,13.414892578125,34.44716796875,98.306884765625
dallas,2604053,70732,13.982521556656131,33.883096896348306,149.0,28733.0,3606.4,8.664596478733555,7.967224933451641,5.72184974729777,1103.395361000717,484359.0,44.0,74.41209103165214,93.45591947295291,19.449684841202497,27.731179712744236,91.12489123810813
dawson,12342,45268,24.78277295051001,13.498026232013244,0.0,0.0,0.0,0.0,0.0,0.0,0.0,2105.0,4.0,67.93847980997624,92.68099762470308,25.18669833729216,12.38289786223278,95.73515439429929
deaf smith,18585,51942,15.84239575933111,11.831532280410086,1.0,59.0,13.1,4.5038167939,4.5038167938931295,5.380683346785042,317.46031746031747,4097.0,2.0,79.5592140590676,92.70334391017818,22.044081034903588,12.6,94.0
delta,5278,68491,14.11313518696069,21.484692495258734,0.0,0.0,0.0,0.0,0.0,0.0,0.0,1043.0,2.0,69.9816874400767,94.12962607861938,16.61706615532119,60.35647171620326,98.64813039309684
denton,914870,104180,7.416557225653711,47.86627476908373,34.0,5963.0,634.6,8.453368824211765,9.396470217459816,3.716375004098943,651.786592630647,147313.0,15.0,36.569726364950824,94.99864843702123,11.940428414824297,23.271347683796844,96.90849211642795
dewitt,19826,61100,16.53442109968708,14.063396442914517,1.0,69.0,8.6,8.023255814,8.023255813953488,5.043881771411278,348.0278422273782,4262.0,6.0,56.39561238854998,94.64645706241201,15.060980760206474,36.06093077825577,61.70204846365226
dickens,1570,46638,12.27364185110664,20.18739352640545,0.0,0.0,0.0,0.0,0.0,0.0,0.0,280.0,2.0,60.71714285714285,94.82,10.94857142857143,9.01142857142857,68.25714285714285
dimmit,8672,27374,43.5687558465856,14.586070959264129,0.0,0.0,0.0,0.0,0.0,0.0,0.0,1842.0,1.0,76.5,89.7,34.6,45.9,83.7
donley,3298,51711,11.31053166271588,13.503480278422275,0.0,0.0,0.0,0.0,0.0,0.0,0.0,494.0,2.0,54.84412955465587,94.5012145748988,13.726720647773279,34.70485829959514,97.64595141700404
duval,9960,50697,21.579116293998077,7.821316614420063,0.0,0.0,0.0,0.0,0.0,0.0,0.0,2344.0,4.0,87.70401023890786,91.18306313993173,29.779479522184303,49.49267764298093,92.31572790294628
eastland,17812,52902,16.191602602010644,22.85737785820036,1.0,9.0,3.1,2.9032258065,2.903225806451613,5.6141926790927466,50.52773411183472,2508.0,5.0,58.05275119617225,94.40582137161086,16.185446570972886,19.972009569377988,98.48022328548645
ector,162300,70566,15.783595592547762,16.602714857449357,5.0,433.0,36.1,10.4319444446,11.994459833795013,3.080714725816389,266.7898952556993,35188.0,2.0,72.27224622030236,92.24168466522679,25.901187904967603,37.559935205183585,88.22948164146868
edwards,1380,40809,23.40267459138187,19.024970273483948,0.0,0.0,0.0,0.0,0.0,0.0,0.0,436.0,2.0,70.38853211009173,94.40206422018349,14.176834862385322,3.9708715596330273,100.0
ellis,195509,93248,8.195068481818323,27.869294951692165,5.0,514.0,59.8,7.847683890420001,8.595317725752508,2.5574270238198755,262.9034980486832,45543.0,11.0,53.14626397031377,94.63301275717455,13.872298706716728,21.14700612607865,96.75555189601037
el paso,863832,55417,19.50623152662989,25.01265945778281,32.0,3994.0,428.4,9.50415933838125,9.323062558356677,3.704424008371998,462.35842154493,160002.0,16.0,74.42320845989424,92.97733528330895,20.898900013749827,28.172022991693243,89.48803083206231
erath,42788,59654,16.54137203820866,32.36157385372045,2.0,43.0,10.9,3.4568965517,3.944954128440367,4.674207721791157,100.49546601850986,13861.0,9.0,59.263581271192564,91.39511579251136,29.98945242046028,22.21354303189166,76.72627785058977
falls,17013,45172,15.849953770968169,13.476949590693666,0.0,0.0,0.0,0.0,0.0,0.0,0.0,2355.0,4.0,79.00390658174096,94.24114649681528,17.050743099787685,21.114207650273226,97.9771402550091
fannin,36052,65835,12.83161720169594,20.57183533040693,1.0,11.0,2.0,5.5,5.5,2.773771219349828,30.511483412848108,5513.0,8.0,56.838908035552336,94.8442408851805,14.025612189370579,31.840359151097406,98.24384182840559
fayette,24564,72881,10.16042780748663,24.059983337961675,3.0,236.0,27.200000000000003,7.6101035369,8.676470588235293,12.212994626282365,960.755577267546,3749.0,5.0,53.00186716457722,95.28580954921313,11.89221125633502,32.426993865030674,96.7239263803681
fisher,3680,60461,12.17966381923395,19.900306748466257,0.0,0.0,0.0,0.0,0.0,0.0,0.0,568.0,2.0,47.208450704225356,94.8774647887324,13.832394366197182,26.601408450704227,97.75915492957746
floyd,5386,49321,19.02621722846442,16.02637614678899,0.0,0.0,0.0,0.0,0.0,0.0,0.0,1062.0,2.0,72.840395480226,94.26318267419963,16.36864406779661,67.60668549905839,97.2831450094162
foard,1075,41944,22.0703125,16.045845272206304,0.0,0.0,0.0,0.0,0.0,0.0,0.0,189.0,1.0,58.2,96.8,3.6,64.3,100.0
fort bend,832607,109987,6.925968627982909,48.62033262753365,54.0,3637.0,445.1,7.608449926331481,8.171197483711525,6.485652895063336,436.82073295084,133325.0,4.0,46.51333433339584,94.77581548846801,13.294012375773486,20.045890118132384,94.24457603600226
franklin,10445,67915,8.623693379790941,30.717794759825328,0.0,0.0,0.0,0.0,0.0,0.0,0.0,1606.0,1.0,57.29999999999999,94.7,14.199999999999998,62.70000000000001,95.5
freestone,19599,55902,12.658227848101266,17.38158748468027,0.0,0.0,0.0,0.0,0.0,0.0,0.0,3509.0,4.0,55.01587346822457,94.24730692504987,15.99504132231405,25.163151587777115,95.92669263031755
frio,18151,56042,20.66222463965189,8.516084990186876,0.0,0.0,0.0,0.0,0.0,0.0,0.0,2787.0,2.0,82.2627915321134,90.69052744886976,34.63789020452099,26.322461428058844,95.45683530678149
gaines,21523,73299,12.660713450839218,10.398628375482213,3.0,717.0,58.0,13.086538461666668,12.362068965517242,13.938577335873251,3331.319983273708,3753.0,3.0,62.53812949640288,93.68001598721024,18.059792166266984,54.400959232613914,94.15123900879297
galveston,350801,83913,11.018453523921128,33.805945879739326,16.0,1688.0,186.5,7.53151641354375,9.05093833780161,4.560990419069501,481.1844892118324,80569.0,10.0,48.05195546674278,93.76556616068214,17.718030508011765,19.104079399034877,96.48761380030844
garza,5735,56215,15.389972144846798,13.275613275613276,0.0,0.0,0.0,0.0,0.0,0.0,0.0,818.0,2.0,71.03227383863081,92.70660146699267,26.50220048899756,0.0,97.98728606356967
gillespie,26953,70162,9.070405593354131,35.233265720081135,2.0,437.0,43.1,9.9654761905,10.139211136890951,7.420324268170519,1621.3408525952586,3628.0,3.0,58.07861080485115,95.07254685777288,11.288919514884235,23.47161862527716,97.74151884700665
glasscock,1068,112188,5.243445692883896,37.75372124492557,0.0,0.0,0.0,0.0,0.0,0.0,0.0,293.0,1.0,6.1,96.4,6.5,61.900000000000006,100.0
goliad,7092,58125,9.98283752860412,17.842981760507534,0.0,0.0,0.0,0.0,0.0,0.0,0.0,1238.0,1.0,44.6,94.7,13.8,29.6,95.9
gonzales,19736,64255,13.072568193515185,13.086090638231145,1.0,18.0,3.6,5.0,5.0,5.066882853668423,91.2038913660316,3868.0,3.0,75.51509824198551,92.63684074457083,25.649172699069286,45.751008273009305,94.59935367114788
gray,21272,54563,16.996412096360842,16.030154327572717,1.0,34.0,5.0,6.8,6.8,4.701015419330576,159.83452425723956,3529.0,4.0,62.43128364975914,92.44978747520544,25.122187588552,32.83477011494253,91.82830459770115
grayson,137008,66608,11.427189882834297,22.81962606722144,4.0,526.0,58.7,9.3366845806,8.960817717206133,2.9195375452528323,383.9191872007474,25745.0,13.0,52.82439308603612,94.09277141192464,16.549069722276172,29.837277141192462,96.71435618566713
gregg,124245,63811,16.544634026744678,22.42343309287872,12.0,1196.0,155.6,7.063494291683334,7.686375321336762,9.658336351563444,962.6141897058232,22861.0,8.0,68.76087222781157,95.25446393421109,12.938077949346049,27.78064389134334,97.54201478500504
grimes,29442,63484,14.374613481756338,19.425030978934323,0.0,0.0,0.0,0.0,0.0,0.0,0.0,4936.0,4.0,63.163371150729326,93.97429092382495,16.839201782820098,21.417524311183143,96.25
guadalupe,173828,88111,8.705674171692007,29.539614283118613,3.0,260.0,32.0,7.2724867725,8.125,1.7258439376855284,149.57314126607912,26579.0,4.0,44.18094360209188,93.36960382256669,19.81360848790398,21.484833891418038,95.0058166221453
hale,32525,50721,18.51202487677396,14.802896218825424,1.0,87.0,16.4,5.3048780488,5.3048780487804885,3.07455803228286,267.4865488086088,5750.0,5.0,74.15431304347827,93.35346086956523,20.865234782608695,39.63271304347826,95.34737391304348
hall,2847,43873,18.56887298747764,18.20020222446916,0.0,0.0,0.0,0.0,0.0,0.0,0.0,511.0,2.0,65.37788649706458,94.82583170254404,10.796673189823874,33.56692759295498,97.979843444227
hamilton,8244,54890,17.143924302788843,25.05161734342739,1.0,5.0,1.0,5.0,5.0,12.1300339640951,60.65016982047549,1445.0,2.0,53.28622837370243,95.21363321799309,11.693217993079582,31.022422145328715,97.79764705882353
hansford,5270,62350,8.355795148247978,29.57875457875458,0.0,0.0,0.0,0.0,0.0,0.0,0.0,1223.0,3.0,55.60065412919052,96.23385118560915,6.285118560915781,27.992313982011446,99.25296803652968
hardeman,3541,60455,11.174785100286533,17.428224828143954,0.0,0.0,0.0,0.0,0.0,0.0,0.0,620.0,2.0,76.76677419354839,95.20951612903227,11.86516129032258,70.87354838709678,100.0
hardin,56576,70164,13.459814223720546,18.46864479761998,1.0,144.0,16.0,9.0,9.0,1.767533936651584,254.52488687782807,11120.0,5.0,48.74923561151079,93.9546762589928,17.470773381294965,24.42635791366906,95.54158273381294
harris,4726177,70789,15.772336273074345,33.16698986804085,232.0,42028.0,4845.3,7.922469190919397,8.67397271582771,4.908830117873284,889.2599663533549,876839.0,57.0,67.36239537703044,93.41406279403698,19.28819791903084,26.630113869707507,91.28267016378881
harrison,69098,63427,16.338776606860318,22.19831844225408,2.0,215.0,41.5,5.75351213285,5.180722891566265,2.8944397811803526,311.1522764768879,31902.0,6.0,57.72356592063194,97.58944266817127,6.769863958372516,21.98881477519428,74.71600541169808
hartley,5369,78065,6.944444444444445,25.28311176760217,2.0,150.0,17.6,8.36842105265,8.522727272727272,37.25088470851183,2793.816353138387,357.0,2.0,66.93669467787116,95.2016806722689,10.413725490196079,45.14229691876751,65.76750700280112
haskell,5408,52786,15.038910505836576,20.161493817814787,0.0,0.0,0.0,0.0,0.0,0.0,0.0,793.0,3.0,71.49432534678436,95.4720050441362,13.012862547288778,7.781588902900378,85.8625472887768
hays,245351,79990,12.925218677886738,40.363114507893066,11.0,1366.0,109.9,11.032782271727273,12.4294813466788,4.483372800599957,556.7533859654128,44792.0,8.0,42.5073584568673,93.3260693873906,20.019188694409713,25.004776402137875,92.9840019845297
hemphill,3371,67798,6.140878988561108,23.29796640141468,0.0,0.0,0.0,0.0,0.0,0.0,0.0,757.0,1.0,48.5,95.5,8.5,34.7,100.0
henderson,82627,59778,14.759629593143533,19.050796420811302,1.0,175.0,19.4,9.0206185567,9.02061855670103,1.2102581480629817,211.7951759110218,10178.0,8.0,64.807015130674,94.05722145804677,17.08634309294557,39.384553901488665,97.7267659106804
hidalgo,873167,49371,27.69962399748097,20.12296584595425,20.0,1574.0,177.9,8.473287664234999,8.847667228780214,2.290512582358243,180.26334023159373,264491.0,21.0,84.24050345758458,93.34474518981743,22.90519185908027,31.30839111077286,95.82138323376078
hill,36138,60669,13.319106558543178,17.510072522159547,2.0,29.0,4.6,6.4423076923,6.304347826086957,5.534340583319497,80.24793845813271,6409.0,12.0,63.791964425027295,95.12939616164769,12.2447495709159,29.364355499527267,97.93479357075323
hockley,21495,53283,15.0708024275118,17.187270860830033,1.0,10.0,1.6,6.25,6.25,4.6522447080716445,46.52244708071645,4575.0,6.0,58.44485245901638,94.8495737704918,11.908546448087431,26.825770491803276,98.11584699453552
hood,62459,80013,8.870104163286499,31.651396352744253,1.0,1.0,3.9,0.2564102564,0.2564102564102564,1.6010502889895772,1.6010502889895772,9337.0,4.0,51.12746064046267,93.87504551783229,15.764549641212378,35.71469923598407,94.53593027009576
hopkins,37008,63766,13.398576023311437,21.596055954146458,0.0,0.0,0.0,0.0,0.0,0.0,0.0,6703.0,7.0,61.052782336267356,94.15100701178577,16.14706847680143,45.43852006564225,95.65836192749515
houston,22107,51043,17.609603340292278,14.775094987130776,0.0,0.0,0.0,0.0,0.0,0.0,0.0,3012.0,5.0,65.3227091633466,94.4148406374502,16.15265604249668,25.02065073041168,96.68957503320053
howard,34488,67243,14.500442086648984,13.81509924881447,2.0,87.0,14.4,5.972222222199999,6.041666666666666,5.799118533982835,252.2616562282533,5145.0,3.0,58.466647230320696,93.92106899902818,17.83113702623907,43.1877922717204,72.75895043731778
hudspeth,3329,35163,25.441116126384895,10.347903657448706,0.0,0.0,0.0,0.0,0.0,0.0,0.0,564.0,3.0,82.77464539007092,95.36702127659575,8.792907801418439,31.3145390070922,100.0
hunt,101596,66885,12.242623216601816,21.33126658121441,1.0,223.0,21.4,10.420560748,10.420560747663552,0.9842907201070908,219.49683058388123,17025.0,10.0,65.59807342143905,93.5179618208517,19.846455212922173,23.333509544787074,96.1695859030837
hutchinson,20595,62211,10.360713585571457,15.605825386264508,0.0,0.0,0.0,0.0,0.0,0.0,0.0,3624.0,3.0,53.47455849889624,94.24906181015453,15.052814569536425,19.535347682119205,98.15929911699779
irion,1561,54708,7.431133888532991,18.367346938775512,0.0,0.0,0.0,0.0,0.0,0.0,0.0,333.0,1.0,28.5,96.7,4.5,21.7,100.0
jack,8588,58861,14.499272390527848,15.545283341893512,0.0,0.0,0.0,0.0,0.0,0.0,0.0,1608.0,3.0,60.80242537313434,94.87817164179104,13.756343283582087,7.937873134328357,98.8875
jackson,15010,67176,11.960267585647678,13.033104682373994,1.0,20.0,5.0,4.0,4.0,6.662225183211192,133.24450366422386,3382.0,3.0,51.44725014784151,94.98988764044945,12.100236546422236,22.754878769958605,98.4053222945003
jasper,33032,48818,22.83861671469741,12.238544178908134,1.0,71.0,6.0,11.833333333,11.833333333333334,3.0273674013078224,214.9430854928554,5777.0,5.0,61.31087069413189,93.58687900294271,19.269759390687206,38.68151289596676,96.80017310022502
jeff davis,1992,38125,24.602767811378783,27.845777233782133,0.0,0.0,0.0,0.0,0.0,0.0,0.0,713.0,2.0,48.12959326788219,94.01669004207572,13.4671809256662,11.225525946704067,95.46704067321178
jefferson,254942,57294,18.19322511700664,19.90694172387221,9.0,1483.0,162.89999999999998,9.644817571888888,9.103744628606508,3.5302147155039187,581.7009358991457,40764.0,9.0,71.44668825434206,91.78413060543616,26.119671769208125,21.705056585001866,88.06339510011192
jim hogg,4830,42292,29.00276419306825,12.751127511275111,0.0,0.0,0.0,0.0,0.0,0.0,0.0,962.0,1.0,82.6,92.3,26.6,50.0,97.6
jim wells,39060,46626,22.6226874643727,15.263030888030888,2.0,127.0,10.9,8.92397660815,11.65137614678899,5.120327700972863,325.14080901177675,7270.0,5.0,82.66883081155433,91.94679504814304,27.71050894085282,42.3866592085023,91.7386239686757
johnson,182690,77058,10.603706982467276,21.382193513794288,10.0,968.0,88.2,11.17869168296,10.975056689342404,5.473753352673929,529.8593245388363,38295.0,9.0,52.13190494842668,94.09998172085129,16.957064890977936,29.01569395482439,96.3622613918266
jones,19758,59361,14.196118940455989,11.158124616119569,0.0,0.0,0.0,0.0,0.0,0.0,0.0,2556.0,5.0,57.6524647887324,94.88607198748043,14.227582159624411,13.348161189358374,97.67519561815337
karnes,14805,57798,21.000535045478863,16.275248864405143,0.0,0.0,0.0,0.0,0.0,0.0,0.0,2373.0,4.0,62.27079646017698,93.41925832279814,20.02528445006321,30.732954066582387,72.36005056890014
kaufman,149773,84075,9.785920326422524,23.768149561879856,3.0,328.0,45.6,5.8074494949333335,7.192982456140351,2.0030312539643327,218.99808376676705,42158.0,7.0,59.93477157360406,93.69053797618483,18.672678969590585,29.523217420181226,93.75032734000665
kendall,45376,104196,5.093606183816631,48.51162201532713,4.0,918.0,162.9,6.9251298905750005,5.635359116022099,8.815232722143865,2023.095909732017,12158.0,3.0,22.239480177660802,94.86685310083895,11.145920381641718,31.30742720842244,98.07618029281133
kenedy,116,45455,2.586206896551724,8.045977011494253,0.0,0.0,0.0,0.0,0.0,0.0,0.0,126.0,1.0,43.7,95.5,6.1,,
kent,635,68553,7.958477508650519,27.876106194690266,0.0,0.0,0.0,0.0,0.0,0.0,0.0,169.0,1.0,36.1,95.9,3.5999999999999996,0.0,100.0
kerr,52810,66713,12.538478128737529,29.77236110389273,3.0,220.0,26.3,8.285020804433334,8.365019011406844,5.680742283658398,416.58776746828255,6706.0,5.0,57.42020578586341,94.29346853563973,14.9838055472711,25.396911196911198,95.38926640926641
kimble,4316,62386,12.42060691601976,27.856468366383385,0.0,0.0,0.0,0.0,0.0,0.0,0.0,588.0,1.0,61.9,93.4,19.0,16.7,100.0
king,216,59375,27.77777777777778,30.625000000000004,0.0,0.0,0.0,0.0,0.0,0.0,0.0,92.0,1.0,30.4,95.7,3.3,0.0,100.0
kinney,3157,52386,15.62287270251872,13.288643533123029,0.0,0.0,0.0,0.0,0.0,0.0,0.0,518.0,1.0,58.5,94.6,13.3,22.0,97.8
kleberg,30860,52487,30.56625842851245,22.95986524946274,2.0,99.0,12.0,7.55,8.25,6.480881399870383,320.8036292935839,4438.0,4.0,68.68206399278955,92.52945020279407,22.80376295628662,46.890791214607034,89.26118020640381
knox,3333,48750,11.426787386824852,14.155844155844155,0.0,0.0,0.0,0.0,0.0,0.0,0.0,699.0,3.0,64.22374821173105,95.63848354792562,8.756795422031473,19.556223175965663,100.0
lamar,50149,58246,15.960523388678787,20.89146266561376,2.0,162.0,16.3,11.36928104575,9.938650306748466,3.9881154160601406,323.0373487008714,8504.0,4.0,60.94019285042332,94.95518579492004,14.26837958607714,25.547471777986832,97.34250940733773
lamb,13024,54519,17.44940220364148,12.875379939209727,0.0,0.0,0.0,0.0,0.0,0.0,0.0,2624.0,5.0,69.01516768292683,95.00705030487805,12.119169207317071,36.634717987804876,100.0
lampasas,21829,73269,9.490333919156416,20.18514921991325,1.0,8.0,1.0,8.0,8.0,4.581061890146136,36.64849512116909,3936.0,2.0,51.59283536585366,94.84801829268292,13.467911585365853,48.03140243902439,99.17202743902439
la salle,6965,62798,28.03131245836109,5.420477358911444,0.0,0.0,0.0,0.0,0.0,0.0,0.0,1155.0,1.0,86.0,93.1,19.6,42.6,94.8
lavaca,20379,58530,10.23847856711612,19.556093049726115,3.0,573.0,58.3,9.464906783799998,9.828473413379074,14.721036360959811,2811.717944943324,2514.0,6.0,35.02052505966587,95.70178997613365,9.21801909307876,29.667877461706787,97.1029207232267
lee,17543,66448,13.16464552238806,16.58997335916687,2.0,209.0,19.1,10.6799419901,10.94240837696335,11.400558627372742,1191.3583765604517,3082.0,3.0,53.32673588578845,94.8594094743673,13.680304996755355,46.29467878001298,97.8265087605451
leon,15928,57363,14.369556985990156,15.010250467956146,0.0,0.0,0.0,0.0,0.0,0.0,0.0,3286.0,5.0,55.92291539866099,94.59166159464395,14.302678027997565,42.923797930614725,97.95267802799756
liberty,93523,59605,17.7203836158322,10.56042180457522,1.0,22.0,6.0,3.6666666667,3.6666666666666665,1.069255691113416,23.52362520449515,24350.0,7.0,78.61429158110884,93.08926488706364,22.71829158110883,22.132704246337223,93.15913003890408
limestone,22222,53102,21.49532710280374,16.857768616335996,0.0,0.0,0.0,0.0,0.0,0.0,0.0,3618.0,3.0,73.66346047540078,93.88200663349916,17.723383084577115,20.952791597567717,92.23084577114426
lipscomb,3038,71625,13.789615643964936,24.732905982905983,0.0,0.0,0.0,0.0,0.0,0.0,0.0,611.0,3.0,60.57119476268412,94.56808510638298,12.291980360065468,17.54697217675941,100.0
live oak,11374,55949,21.04145601617796,13.56219025746404,0.0,0.0,0.0,0.0,0.0,0.0,0.0,1627.0,2.0,64.49065765212046,93.29164105716042,20.358512599877077,29.641241548862936,97.0861708666257
llano,21637,64241,11.312111438320946,31.80940115904701,1.0,60.0,10.4,5.7692307692,5.769230769230769,4.621712806766188,277.3027684059712,1959.0,1.0,67.4,94.5,15.1,17.2,100.0
loving,96,-666666666,5.208333333333334,0.0,0.0,0.0,0.0,0.0,0.0,0.0,0.0,,,,,,,
lubbock,311509,61911,17.215924864288127,32.62386809028247,15.0,2505.0,304.5,8.0695530601,8.226600985221674,4.815270184810069,804.1501208632817,50946.0,12.0,56.24795665999292,93.64294547167589,18.629959172457113,32.79646792991358,94.21960863182028
lynn,5619,52996,18.81098662811709,24.56379498364231,0.0,0.0,0.0,0.0,0.0,0.0,0.0,1695.0,4.0,42.882772861356926,95.2673156342183,11.931622418879055,35.199528023598816,98.0627138643068
mcculloch,7638,53214,13.464630225080384,18.551532033426184,0.0,0.0,0.0,0.0,0.0,0.0,0.0,1212.0,3.0,62.529207920792075,93.73366336633664,20.198267326732672,8.822524752475248,96.61633663366337
mclennan,261090,59781,17.88032211768458,26.941239349828656,11.0,2213.0,264.0,8.546903161254546,8.382575757575758,4.213106591596767,847.6004442912405,54596.0,20.0,61.96605428969155,94.15766539673236,15.783729577258407,23.68891581749747,94.31224639676857
mcmullen,670,60313,14.925373134328357,15.74074074074074,0.0,0.0,0.0,0.0,0.0,0.0,0.0,280.0,1.0,22.5,96.1,2.0,40.0,100.0
madison,13556,65768,12.473328591749643,14.039806347498654,0.0,0.0,0.0,0.0,0.0,0.0,0.0,2707.0,2.0,69.93572220169929,95.3,11.223014407092721,84.14011821204286,99.01588474325823
marion,9668,48040,15.70308416100366,16.258813770219827,2.0,36.0,9.4,4.76041666665,3.829787234042553,20.68680182043856,372.36243276789406,1125.0,1.0,73.2,93.3,21.9,19.7,97.3
martin,5228,70217,16.88588007736944,16.89301093077178,0.0,0.0,0.0,0.0,0.0,0.0,0.0,1302.0,2.0,43.825115207373265,94.10721966205837,16.06774193548387,60.38110599078341,98.77764976958525
mason,3959,77583,4.936708860759493,37.99205489346335,0.0,0.0,0.0,0.0,0.0,0.0,0.0,697.0,1.0,47.8,96.20000000000002,7.6,23.1,100.0
matagorda,36251,56412,21.76388501255931,20.850849167647556,1.0,47.0,10.4,4.5192307692,4.519230769230769,2.758544591873328,129.65159581804642,6930.0,5.0,62.59215007215007,93.83310245310244,18.179062049062047,26.786724386724387,93.8746957924058
maverick,57806,48497,23.435380066098453,15.822460602042968,3.0,286.0,22.0,11.128205128333336,13.0,5.189772687956268,494.7583295851642,13777.0,1.0,78.29999999999998,92.1,25.300000000000004,19.800000000000004,93.79999999999998
medina,51432,73060,10.274321324562656,22.18256138633812,2.0,115.0,12.0,5.95,9.583333333333334,3.888629646912428,223.59620469746463,14872.0,5.0,56.519277837547065,93.77902097902098,18.674199838622915,35.88228886498118,94.35110274341044
menard,1964,40945,22.4830464267084,23.86885245901639,0.0,0.0,0.0,0.0,0.0,0.0,0.0,263.0,1.0,58.2,93.0,23.1,3.7,100.0
midland,169393,90123,10.75262401021559,29.44701509519836,12.0,3097.0,304.0,20.500137296716662,10.1875,7.0841179977921165,1828.2927865968488,33390.0,3.0,57.278969751422586,92.63993111710094,23.763366277328544,29.505541569353028,88.36211289393066
milam,25080,56985,14.27233488069061,18.23928822289862,2.0,104.0,9.9,10.8765822785,10.505050505050503,7.974481658692185,414.6730462519936,4259.0,6.0,61.80619863817797,94.80986146982859,13.731345386240902,35.20707878787879,97.46232727272726
mills,4501,59315,6.876591803658254,28.45360824742268,0.0,0.0,0.0,0.0,0.0,0.0,0.0,767.0,3.0,53.327118644067795,95.28161668839635,11.811342894393741,47.52407407407408,95.70185185185184
mitchell,8947,49869,14.450145610872278,9.59882762410698,0.0,0.0,0.0,0.0,0.0,0.0,0.0,1263.0,3.0,59.682185273159135,94.03491686460806,18.625178147268407,40.0027711797308,97.50039588281868
montague,20197,63336,12.95503751069936,16.719487287837172,0.0,0.0,0.0,0.0,0.0,0.0,0.0,3225.0,7.0,49.78275968992248,94.97863565891473,12.353922480620152,29.361659046374918,96.46773350751144
montgomery,629989,95946,8.815014363800985,37.74240863082611,30.0,4130.0,420.9,9.779022220453331,9.812306961273462,4.7619879077253735,655.5670019635263,131548.0,7.0,48.001439018457134,94.16518761212637,16.209718125703166,29.086080457845632,96.39168023866421
moore,21284,59041,13.479891743032145,11.843468558221089,0.0,0.0,0.0,0.0,0.0,0.0,0.0,4961.0,2.0,68.54632130618826,94.77613384398308,13.14033460995767,13.811187260632938,99.03126385809313
morris,11993,51532,15.766073871409027,13.543074843308345,0.0,0.0,0.0,0.0,0.0,0.0,0.0,1870.0,2.0,72.0827807486631,93.97363636363637,19.94080213903743,30.297486631016046,97.67909090909092
motley,1223,66528,9.403107113654947,20.412595005428884,0.0,0.0,0.0,0.0,0.0,0.0,0.0,178.0,1.0,53.39999999999999,96.6,4.2,33.3,100.0
nacogdoches,64768,51153,22.4418722029678,25.358610632374383,2.0,216.0,26.8,7.728009259249999,8.059701492537313,3.08794466403162,333.498023715415,10379.0,9.0,68.67021871085846,93.96245303015704,17.545495712496386,27.95236026071499,97.3226150503654
navarro,52834,56261,16.45697030699547,17.003679175864605,0.0,0.0,0.0,0.0,0.0,0.0,0.0,10589.0,7.0,71.02065350835774,93.5285484937199,19.622920011332514,22.14450845216734,93.18140523184437
newton,12333,38871,24.21849292530438,6.788780767029193,0.0,0.0,0.0,0.0,0.0,0.0,0.0,1747.0,3.0,70.07418431597023,93.88511734401831,16.863537492844877,31.206639954207212,96.080251860332
nolan,14657,47437,15.535739166782776,13.955928646379853,1.0,28.0,4.6,6.0869565217,6.086956521739131,6.822678583611926,191.03500034113392,14448.0,4.0,80.74120985603544,98.78318798449614,3.5921926910299002,62.95664451827243,96.66168327796235
nueces,353245,64027,17.30461965960403,22.490441627037896,20.0,2181.0,256.9,8.72327495727,8.489684702218764,5.661792806692239,617.4185055697886,56438.0,15.0,66.08124667777031,92.19058790176832,25.169910344094404,27.73584527272399,94.09867386944659
ochiltree,9924,62240,12.216227221826326,18.558736426456072,1.0,15.0,2.0,7.5,7.5,10.076582023377672,151.14873035066506,1790.0,1.0,61.3,95.1,11.5,12.6,99.4
oldham,2171,71103,17.17062634989201,23.886328725038403,0.0,0.0,0.0,0.0,0.0,0.0,0.0,843.0,4.0,40.429181494661925,95.96393831553975,6.001067615658362,55.9632265717675,97.60818505338078
orange,84761,71910,11.92052190298997,17.1633232766986,2.0,131.0,24.4,5.36954915,5.368852459016394,2.35957574828046,154.5522115123701,14985.0,5.0,55.69247247247247,93.17552886219552,21.348008008008005,41.15432098765432,95.0512178845512
palo pinto,28569,65242,15.83362831858407,18.062760002054336,0.0,0.0,0.0,0.0,0.0,0.0,0.0,4710.0,6.0,65.91114649681529,94.18496815286623,16.082377919320596,32.2477479428324,97.85686444348202
panola,22540,58205,13.971856559237402,16.152236463510334,1.0,35.0,5.6,6.25,6.25,4.436557231588288,155.27950310559004,3974.0,4.0,50.534121791645696,94.32249622546553,15.561701056869651,31.25052843482637,95.19084046300956
parker,151188,95721,7.912413853267034,30.880566008153025,4.0,721.0,72.2,8.803499227725,9.986149584487537,2.645712622694923,476.8897002407599,26862.0,9.0,31.76094855185764,94.52324100960466,12.99730474275929,32.06873420109414,96.03197509903792
parmer,9809,65575,9.513023782559456,18.45018450184502,0.0,0.0,0.0,0.0,0.0,0.0,0.0,2160.0,4.0,72.67726851851853,95.48861111111111,10.087546296296296,14.263564814814815,99.41203703703704
pecos,15114,59325,22.965230358684565,11.471903558234493,0.0,0.0,0.0,0.0,0.0,0.0,0.0,14005.0,3.0,68.9486469118172,82.84381292395574,49.19214566226348,14.667811495894325,71.85484469832204
polk,50536,57315,16.369391334103256,13.18642211880646,2.0,78.0,12.4,6.3479623824,6.290322580645162,3.9575747981636855,154.34541712838373,7029.0,6.0,65.13082942097027,95.25744771660264,11.850149381135296,26.124797268459243,92.65731967562952
potter,117905,47974,20.70804258686425,16.96768693891686,4.0,611.0,72.9,8.301415795775,8.381344307270233,3.392561808235444,518.2138162079641,32585.0,4.0,67.77940770293078,93.50820622986038,18.719677765843176,23.869142243363513,96.53776277428264
presidio,6168,29012,39.99675482719455,21.21771217712177,0.0,0.0,0.0,0.0,0.0,0.0,0.0,1277.0,2.0,93.97862176977291,93.9961628817541,17.442051683633515,0.0,14.343774471417385
rains,12257,60291,10.993344836085775,20.4983135676205,0.0,0.0,0.0,0.0,0.0,0.0,0.0,1708.0,1.0,61.7,92.6,26.3,30.8,98.4
randall,141489,78038,9.433295086344382,32.709488518752885,5.0,419.0,61.9,6.936631956559999,6.768982229402262,3.5338436203521124,296.136095385507,11501.0,1.0,33.3,94.8,11.3,21.1,95.3
reagan,3308,70319,7.186358099878197,11.983887210473316,0.0,0.0,0.0,0.0,0.0,0.0,0.0,852.0,1.0,61.60000000000001,94.1,14.5,20.800000000000004,100.0
real,2830,46842,24.527574238333976,20.945602440264363,0.0,0.0,0.0,0.0,0.0,0.0,0.0,515.0,2.0,65.64058252427185,90.22543689320388,36.144271844660196,18.53980582524272,83.69631067961164
red river,11627,44583,20.21174205967276,13.968591333097176,0.0,0.0,0.0,0.0,0.0,0.0,0.0,1973.0,4.0,72.52909275215407,93.82017232640649,18.328231120121643,23.875722250380132,92.20775468829196
reeves,14022,57487,20.96611615104288,9.841269841269842,0.0,0.0,0.0,0.0,0.0,0.0,0.0,3052.0,2.0,64.17588466579294,90.8578636959371,32.17765399737877,21.853145478374838,97.23872870249016
refugio,6718,54304,16.297878834121775,11.205613438230916,0.0,0.0,0.0,0.0,0.0,0.0,0.0,1195.0,3.0,56.688451882845186,93.75213389121339,18.095983263598328,19.415230125523014,95.09966527196653
roberts,764,62667,14.736842105263156,19.21641791044776,0.0,0.0,0.0,0.0,0.0,0.0,0.0,177.0,1.0,31.599999999999998,95.10000000000001,11.1,50.0,100.0
robertson,16912,59410,14.248937316649704,18.38006230529595,0.0,0.0,0.0,0.0,0.0,0.0,0.0,3401.0,5.0,60.984210526315785,94.88882681564246,13.576595119082622,5.6400764481035,96.64745663040283
rockwall,110631,121303,4.173165859398517,43.8688542794481,7.0,799.0,108.0,6.695568535028571,7.398148148148148,6.3273404380327385,722.2207157125941,29126.0,2.0,32.368619103206754,94.53132596305706,14.118066332486439,22.76566298152853,97.90121540891299
runnels,9858,55424,11.8580375782881,18.3187134502924,0.0,0.0,0.0,0.0,0.0,0.0,0.0,1954.0,4.0,61.390378710337764,94.13132036847493,17.297748208802457,33.67011258955987,99.22579324462642
rusk,52755,61661,13.423717465896727,15.833356416719758,1.0,96.0,21.0,4.5714285714,4.571428571428571,1.8955549237039144,181.97327267557577,7698.0,8.0,63.70210444271239,94.58871135359833,15.656625097427902,40.65958690568979,98.85526110678099
sabine,9980,47061,17.309644670050762,17.88201287610038,0.0,0.0,0.0,0.0,0.0,0.0,0.0,1423.0,2.0,59.192410400562196,93.02094167252284,25.183766690091357,19.7767392832045,96.79529163738582
san augustine,7920,45888,27.284578281840695,12.775782452539763,0.0,0.0,0.0,0.0,0.0,0.0,0.0,973.0,2.0,79.06300102774922,93.9774922918808,17.306269270298046,46.35323741007194,100.0
san jacinto,27666,54839,17.37739484494856,15.998773257002656,0.0,0.0,0.0,0.0,0.0,0.0,0.0,3546.0,2.0,72.15093062605753,93.65386350817822,21.09836435420192,30.224139875916528,94.84929498025944
san patricio,68942,63842,15.759941089837998,17.60304659498208,0.0,0.0,0.0,0.0,0.0,0.0,0.0,13811.0,7.0,63.15961190355514,93.12948374484107,21.128549706755486,27.078184056187098,94.58087756136413
san saba,5779,54087,14.280170741171904,19.43634596695821,0.0,0.0,0.0,0.0,0.0,0.0,0.0,979.0,3.0,65.90694586312563,93.67548518896832,19.32216547497446,11.60602655771195,98.09662921348314
schleicher,2474,53774,14.476885644768856,13.595166163141997,0.0,0.0,0.0,0.0,0.0,0.0,0.0,413.0,1.0,62.2,95.3,11.1,17.1,100.0
scurry,16883,58932,11.822096622258108,18.558476881233,1.0,45.0,6.0,7.5,7.5,5.923117929277972,266.54030681750874,2848.0,3.0,63.38679775280899,93.89831460674158,18.160393258426968,31.85252808988764,96.22794943820224
shackelford,3134,60924,11.301259283177268,32.402234636871505,0.0,0.0,0.0,0.0,0.0,0.0,0.0,589.0,2.0,48.005602716468594,93.75331069609507,18.64872665534805,31.25568760611205,100.0
shelby,24157,49231,23.26406276080788,13.833668847508807,0.0,0.0,0.0,0.0,0.0,0.0,0.0,5161.0,6.0,71.52561519085448,94.47982949040885,15.630013563262933,30.373320197044336,97.22774384236453
sherman,2414,66169,8.319327731092436,21.785940468651045,0.0,0.0,0.0,0.0,0.0,0.0,0.0,626.0,2.0,61.34281150159744,96.38370607028754,7.47635782747604,42.1,97.4
smith,234667,69053,12.6128296201567,27.37845123504276,14.0,3115.0,334.0,7.734765365564286,9.326347305389222,5.965900616618442,1327.4128871976034,40339.0,10.0,60.241661915268104,93.90746919854234,17.06442152755398,34.87289223828057,97.35400480924167
somervell,9337,87899,7.281659388646289,28.597560975609756,1.0,106.0,21.6,4.9074074074,4.907407407407407,10.71007818357074,1135.2682874584984,2168.0,2.0,37.72767527675276,95.17186346863468,10.539160516605167,20.700691881918818,97.76692804428045
starr,65716,35979,33.4602394841879,12.732902235861465,0.0,0.0,0.0,0.0,0.0,0.0,0.0,15454.0,3.0,93.88885725378543,94.28223760838617,18.121405461369225,40.921030154005436,97.34547689918467
stephens,9260,44712,16.659096070860777,18.40944881889764,0.0,0.0,0.0,0.0,0.0,0.0,0.0,1367.0,1.0,66.3,94.1,16.9,18.8,94.0
sterling,1392,63558,1.7699115044247788,23.414634146341463,0.0,0.0,0.0,0.0,0.0,0.0,0.0,355.0,1.0,45.4,94.1,15.1,82.4,94.6
stonewall,1331,66591,7.059736229635376,15.084525357607282,0.0,0.0,0.0,0.0,0.0,0.0,0.0,181.0,1.0,51.9,95.4,8.8,0.0,100.0
sutton,3345,56778,16.56644618159952,15.341772151898732,0.0,0.0,0.0,0.0,0.0,0.0,0.0,641.0,1.0,47.4,95.4,10.5,34.5,98.3
swisher,6989,40290,29.51617970468112,19.29785824685361,0.0,0.0,0.0,0.0,0.0,0.0,0.0,1316.0,3.0,65.64794832826749,93.94103343465045,18.48905775075988,25.160486322188454,96.40889057750759
tarrant,2113854,78872,11.02060697969056,33.91045357754241,85.0,14323.0,1710.5,8.085999379111765,8.373574978076586,4.021091333649344,677.5775431983476,335744.0,26.0,60.9602828345406,93.76803587572391,18.580229564055056,21.780785295569167,92.50999915740819
taylor,143029,61806,14.582206301630237,28.670735064696707,5.0,550.0,34.4,13.51251798562,15.988372093023257,3.4957945591453483,384.5374015059882,39438.0,6.0,46.40835488615041,94.26398651047212,16.38703534662001,14.078107409097825,93.62676352756225
terrell,862,52813,6.380510440835267,29.526462395543174,0.0,0.0,0.0,0.0,0.0,0.0,0.0,114.0,1.0,51.8,94.9,11.8,0.0,100.0
terry,11816,42694,22.353261362605465,11.025013594344752,0.0,0.0,0.0,0.0,0.0,0.0,0.0,2085.0,3.0,80.49520383693046,94.36009592326138,17.022110311750602,20.27625899280575,100.0
throckmorton,1439,55221,13.968033356497568,20.206766917293237,0.0,0.0,0.0,0.0,0.0,0.0,0.0,314.0,2.0,57.023566878980894,94.62006369426751,15.89968152866242,18.93407643312102,100.0
titus,31301,57634,18.335164480062044,15.348980852378013,1.0,11.0,2.0,5.5,5.5,3.1947861090699976,35.142647199769975,6963.0,3.0,72.65510555794916,94.5,13.492244722102543,41.7350710900474,98.81373517786561
tom green,119276,67215,11.73963580007749,24.64364247833398,7.0,588.0,99.1,7.507215185371429,5.933400605449042,5.868741406485798,492.97427814480704,20878.0,7.0,52.757802471501094,93.69120126448892,18.31222339304531,16.028800651403394,94.54321774116295
travis,1289054,92731,11.281487165963014,53.790602106290585,85.0,13738.0,1840.8,7.108204223035294,7.463059539330726,6.593982874262831,1065.7427850190916,193666.0,23.0,57.10543306517407,92.35344562287649,22.75209484369998,15.566590378327883,92.21315528497107
trinity,13735,51165,14.238165680473372,14.841166449544044,0.0,0.0,0.0,0.0,0.0,0.0,0.0,2255.0,4.0,76.20771618625278,93.91445676274945,18.27410199556541,27.618802660753882,94.38181818181818
tyler,19962,50898,17.951175508823365,13.10693041914511,1.0,32.0,4.0,8.0,8.0,5.009518084360284,160.3045786995291,3367.0,5.0,61.844668844668846,94.16118206118206,16.782773982773982,31.287080487080488,94.75503415503415
upshur,41261,60456,14.558914250462676,17.025641025641026,0.0,0.0,0.0,0.0,0.0,0.0,0.0,7405.0,7.0,57.836948008102645,94.5705874409183,14.058203916272788,42.91977042538824,95.13597569209993
upton,3284,55284,20.335299596398634,9.658314350797266,0.0,0.0,0.0,0.0,0.0,0.0,0.0,781.0,2.0,44.31267605633803,93.0416133162612,21.15864276568502,23.124199743918055,92.31754161331627
uvalde,24833,55000,24.12414080399917,19.088208704636443,3.0,169.0,30.3,5.316993464033334,5.577557755775578,12.08069906978617,680.5460475979543,5062.0,4.0,79.36317661003557,88.0589095219281,40.95768470960095,10.77489134729356,92.4450809956539
val verde,47693,57250,16.198982377219227,20.23433979269941,2.0,225.0,17.9,12.5951711805,12.569832402234638,4.193487513890927,471.7673453127293,9920.0,2.0,71.91499999999999,90.97629032258065,30.406129032258065,40.37080645161291,92.3383870967742
van zandt,60053,62334,13.14518997848661,17.07784431137725,0.0,0.0,0.0,0.0,0.0,0.0,0.0,10713.0,8.0,56.28155511994773,94.47527303276394,14.910351908895734,40.10242695790161,99.01981704471206
victoria,91209,66308,16.642231200546163,19.19690680235672,12.0,1968.0,150.7,14.434419571216669,13.059057730590578,13.156596388514291,2157.6818077163434,13789.0,3.0,70.51672347523389,91.94703024149685,27.209369787511786,25.007354990100467,97.33299846007186
walker,77182,47193,19.459326211996714,19.32128639450472,2.0,447.0,56.3,5.02321814255,7.939609236234459,2.591277759062994,579.1505791505791,12482.0,4.0,62.978769427976275,95.55591251402018,14.133496234577791,23.102781237027813,87.78347862183479
waller,57463,71643,13.027529874451671,24.87463336171823,2.0,70.0,14.0,4.325,5.0,3.4805004959713206,121.81751735899624,14332.0,3.0,65.86898548702204,93.04632291375943,20.479346915992185,23.178439854870224,95.79973485905667
ward,11347,70771,13.616945532217873,11.344654788418708,0.0,0.0,0.0,0.0,0.0,0.0,0.0,2320.0,2.0,58.88241379310345,93.51844827586207,21.94051724137931,14.20396551724138,96.50982758620691
washington,35807,70043,11.889925762499628,28.853068815871048,4.0,337.0,34.5,9.50611591785,9.768115942028986,11.1710000837825,941.1567570586758,5460.0,2.0,57.460842490842495,93.88479853479853,16.532967032967033,17.950659340659342,95.9240293040293
webb,267282,59984,21.38728980457506,20.58327243738789,9.0,1478.0,122.4,13.9833349203,12.07516339869281,3.3672301165061618,552.9740124662342,61479.0,4.0,82.49526992956945,93.75776281331837,18.583804225833212,56.410172579254706,95.71601197156753
wharton,41614,59712,14.645342449029425,18.106648046745804,3.0,277.0,56.400000000000006,4.600641666633333,4.911347517730496,7.209112317969915,665.6413706925554,7690.0,5.0,66.26342002600781,94.36618985695709,15.902782834850456,28.87344603381015,96.20668400520155
wheeler,4980,58158,18.334356455903414,17.265353418308226,0.0,0.0,0.0,0.0,0.0,0.0,0.0,984.0,4.0,59.759247967479666,95.6441056910569,10.649390243902438,20.746341463414634,98.94430894308944
wichita,129584,58862,15.754212800777353,23.86674014087881,2.0,375.0,43.3,8.7458799549,8.660508083140877,1.5434004198049145,289.38757871342136,19340.0,5.0,61.83421923474664,93.91039296794209,18.589358841778697,19.51543950361944,95.52825232678386
wilbarger,12795,50769,18.393442622950825,16.63794093990578,1.0,6.0,1.0,6.0,6.0,7.815552950371239,46.89331770222744,2101.0,3.0,68.63379343169919,94.99857210851975,12.366825321275583,15.613422179914329,96.31603998096145
willacy,20308,42839,26.617297011372653,10.482747949868482,0.0,0.0,0.0,0.0,0.0,0.0,0.0,3887.0,4.0,79.84926678672497,90.45034731155133,33.90977617700025,36.72675585284281,96.10123488551582
williamson,617396,102851,6.340779341205434,46.28418147783632,29.0,4013.0,371.9,9.833072948265515,10.79053509007798,4.697147373808706,649.9880141756669,135714.0,13.0,27.70433779860589,94.03857523910577,16.16327939637768,29.309991930050565,97.08532823964048
wilson,50381,89708,10.290269334514273,25.393120751524343,1.0,49.0,4.0,12.25,12.25,1.9848752505905003,97.25888727893452,9423.0,4.0,41.51475114082564,94.49204075135307,14.471389154197176,32.608776398174676,93.85179879019421
winkler,7582,89155,12.63340448239061,9.090909090909092,0.0,0.0,0.0,0.0,0.0,0.0,0.0,1771.0,2.0,60.38379446640316,92.8596837944664,26.564709203839637,5.551101072840203,99.01931112365895
wise,70062,85385,9.081235514481872,20.80563904999789,0.0,0.0,0.0,0.0,0.0,0.0,0.0,10520.0,7.0,47.040760456273766,94.98954372623572,11.353640684410646,22.8054752851711,96.3079752851711
wood,45341,61748,12.625752216454591,21.13308261555259,0.0,0.0,0.0,0.0,0.0,0.0,0.0,6343.0,6.0,61.08429765095381,95.02762099952704,12.934652372694309,50.95593567712439,97.70438278417153
yoakum,7630,80317,13.620825663949512,9.682332463011315,0.0,0.0,0.0,0.0,0.0,0.0,0.0,1890.0,2.0,60.34761904761905,94.2104761904762,15.723809523809523,18.35809523809524,100.0
young,17903,65565,15.71623310235147,22.541445356510543,1.0,112.0,15.8,7.0886075949,7.0886075949367084,5.585656035301346,625.5934759537508,3060.0,3.0,51.316405228758164,94.34153594771242,16.43650326797386,23.181405228758173,97.80228758169935
zapata,13896,35061,37.18611252638475,11.34984833164813,0.0,0.0,0.0,0.0,0.0,0.0,0.0,3282.0,1.0,88.90000000000002,91.8,26.600000000000005,57.5,96.40000000000002
zavala,9700,49243,31.004774756072244,13.758158708347649,1.0,42.0,6.0,7.0,7.0,10.309278350515465,432.9896907216496,2070.0,2.0,82.09855072463768,90.53115942028985,32.85434782608696,36.50797101449275,90.97753623188406
